,HiveID,FoodLocs
0,1,"[(4, 47), (4, 47), (9, 48), (4, 47), (9, 48), (8, 52), (8, 52), (7, 44), (4, 47), (3, 52), (11, 50), (9, 48), (11, 47), (1, 48), (4, 52)]"
1,1,"[(4, 47), (4, 47), (9, 48), (4, 47), (9, 48), (8, 52), (8, 52), (7, 44), (4, 47), (3, 52), (11, 50), (9, 48), (11, 47), (1, 48), (4, 52)]"
2,1,"[(4, 47), (4, 47), (9, 48), (4, 47), (9, 48), (8, 52), (8, 52), (7, 44), (4, 47), (3, 52), (11, 50), (9, 48), (11, 47), (1, 48), (4, 52)]"
3,1,"[(4, 47), (4, 47), (9, 48), (4, 47), (9, 48), (8, 52), (8, 52), (7, 44), (4, 47), (3, 52), (11, 50), (9, 48), (11, 47), (1, 48), (4, 52)]"
4,1,"[(4, 47), (4, 47), (9, 48), (4, 47), (9, 48), (8, 52), (8, 52), (7, 44), (4, 47), (3, 52), (11, 50), (9, 48), (11, 47), (1, 48), (4, 52)]"
5,1,"[(4, 47), (4, 47), (9, 48), (4, 47), (9, 48), (8, 52), (8, 52), (7, 44), (4, 47), (3, 52), (11, 50), (9, 48), (11, 47), (1, 48), (4, 52)]"
6,1,"[(4, 47), (4, 47), (9, 48), (4, 47), (9, 48), (8, 52), (8, 52), (7, 44), (4, 47), (3, 52), (11, 50), (9, 48), (11, 47), (1, 48), (4, 52)]"
7,1,"[(4, 47), (4, 47), (9, 48), (4, 47), (9, 48), (8, 52), (8, 52), (7, 44), (4, 47), (3, 52), (11, 50), (9, 48), (11, 47), (1, 48), (4, 52)]"
8,1,"[(4, 47), (4, 47), (9, 48), (4, 47), (9, 48), (8, 52), (8, 52), (7, 44), (4, 47), (3, 52), (11, 50), (9, 48), (11, 47), (1, 48), (4, 52)]"
9,1,"[(4, 47), (4, 47), (9, 48), (4, 47), (9, 48), (8, 52), (8, 52), (7, 44), (4, 47), (3, 52), (11, 50), (9, 48), (11, 47), (1, 48), (4, 52)]"
10,1,"[(4, 47), (4, 47), (9, 48), (4, 47), (9, 48), (8, 52), (8, 52), (7, 44), (4, 47), (3, 52), (11, 50), (9, 48), (11, 47), (1, 48), (4, 52)]"
11,1,"[(4, 47), (4, 47), (9, 48), (4, 47), (9, 48), (8, 52), (8, 52), (7, 44), (4, 47), (3, 52), (11, 50), (9, 48), (11, 47), (1, 48), (4, 52)]"
12,1,"[(4, 47), (9, 48), (4, 47), (9, 48), (8, 52), (8, 52), (7, 44), (4, 47), (3, 52), (11, 50), (9, 48), (11, 47), (1, 48), (4, 52), (1, 48), (8, 52), (4, 47), (8, 52), (8, 52)]"
13,1,"[(9, 48), (4, 47), (9, 48), (8, 52), (8, 52), (7, 44), (4, 47), (3, 52), (11, 50), (9, 48), (11, 47), (1, 48), (4, 52), (1, 48), (8, 52), (4, 47), (8, 52), (8, 52), (4, 52), (9, 48), (8, 52), (2, 45), (7, 44), (3, 52), (1, 48), (2, 45), (4, 52), (4, 47)]"
14,1,"[(9, 48), (4, 47), (9, 48), (8, 52), (8, 52), (7, 44), (4, 47), (3, 52), (11, 50), (9, 48), (11, 47), (1, 48), (4, 52), (1, 48), (8, 52), (4, 47), (8, 52), (8, 52), (4, 52), (9, 48), (8, 52), (2, 45), (7, 44), (3, 52), (1, 48), (2, 45), (4, 52), (4, 47)]"
15,1,"[(9, 48), (4, 47), (9, 48), (8, 52), (8, 52), (7, 44), (4, 47), (3, 52), (11, 50), (9, 48), (11, 47), (1, 48), (4, 52), (1, 48), (8, 52), (4, 47), (8, 52), (8, 52), (4, 52), (9, 48), (8, 52), (2, 45), (7, 44), (3, 52), (1, 48), (2, 45), (4, 52), (4, 47)]"
16,1,"[(9, 48), (8, 52), (8, 52), (7, 44), (4, 47), (3, 52), (11, 50), (9, 48), (11, 47), (1, 48), (4, 52), (1, 48), (8, 52), (4, 47), (8, 52), (8, 52), (4, 52), (9, 48), (8, 52), (2, 45), (7, 44), (3, 52), (1, 48), (2, 45), (4, 52), (4, 47), (7, 44), (11, 47), (4, 52), (2, 45)]"
17,1,"[(7, 44), (4, 47), (3, 52), (11, 50), (9, 48), (11, 47), (1, 48), (4, 52), (1, 48), (8, 52), (4, 47), (8, 52), (8, 52), (4, 52), (9, 48), (8, 52), (2, 45), (7, 44), (3, 52), (1, 48), (2, 45), (4, 52), (4, 47), (7, 44), (11, 47), (4, 52), (2, 45), (9, 48), (7, 44), (8, 52), (11, 50), (11, 47)]"
18,1,"[(11, 50), (9, 48), (11, 47), (1, 48), (4, 52), (1, 48), (8, 52), (4, 47), (8, 52), (8, 52), (4, 52), (9, 48), (8, 52), (2, 45), (7, 44), (3, 52), (1, 48), (2, 45), (4, 52), (4, 47), (7, 44), (11, 47), (4, 52), (2, 45), (9, 48), (7, 44), (8, 52), (11, 50), (11, 47), (4, 47), (1, 48), (8, 52), (2, 45)]"
19,1,"[(1, 48), (4, 52), (1, 48), (8, 52), (4, 47), (8, 52), (8, 52), (4, 52), (9, 48), (8, 52), (2, 45), (7, 44), (3, 52), (1, 48), (2, 45), (4, 52), (4, 47), (7, 44), (11, 47), (4, 52), (2, 45), (9, 48), (7, 44), (8, 52), (11, 50), (11, 47), (4, 47), (1, 48), (8, 52), (2, 45), (1, 48), (9, 48), (2, 45)]"
20,1,"[(8, 52), (4, 47), (8, 52), (8, 52), (4, 52), (9, 48), (8, 52), (2, 45), (7, 44), (3, 52), (1, 48), (2, 45), (4, 52), (4, 47), (7, 44), (11, 47), (4, 52), (2, 45), (9, 48), (7, 44), (8, 52), (11, 50), (11, 47), (4, 47), (1, 48), (8, 52), (2, 45), (1, 48), (9, 48), (2, 45), (2, 45), (1, 48), (7, 44), (11, 50), (4, 47), (8, 52), (7, 44), (9, 53), (1, 48), (9, 48), (11, 50), (8, 52), (4, 52), (7, 44), (9, 53)]"
21,1,"[(8, 52), (4, 47), (8, 52), (8, 52), (4, 52), (9, 48), (8, 52), (2, 45), (7, 44), (3, 52), (1, 48), (2, 45), (4, 52), (4, 47), (7, 44), (11, 47), (4, 52), (2, 45), (9, 48), (7, 44), (8, 52), (11, 50), (11, 47), (4, 47), (1, 48), (8, 52), (2, 45), (1, 48), (9, 48), (2, 45), (2, 45), (1, 48), (7, 44), (11, 50), (4, 47), (8, 52), (7, 44), (9, 53), (1, 48), (9, 48), (11, 50), (8, 52), (4, 52), (7, 44), (9, 53)]"
22,1,"[(8, 52), (4, 47), (8, 52), (8, 52), (4, 52), (9, 48), (8, 52), (2, 45), (7, 44), (3, 52), (1, 48), (2, 45), (4, 52), (4, 47), (7, 44), (11, 47), (4, 52), (2, 45), (9, 48), (7, 44), (8, 52), (11, 50), (11, 47), (4, 47), (1, 48), (8, 52), (2, 45), (1, 48), (9, 48), (2, 45), (2, 45), (1, 48), (7, 44), (11, 50), (4, 47), (8, 52), (7, 44), (9, 53), (1, 48), (9, 48), (11, 50), (8, 52), (4, 52), (7, 44), (9, 53)]"
23,1,"[(8, 52), (4, 47), (8, 52), (8, 52), (4, 52), (9, 48), (8, 52), (2, 45), (7, 44), (3, 52), (1, 48), (2, 45), (4, 52), (4, 47), (7, 44), (11, 47), (4, 52), (2, 45), (9, 48), (7, 44), (8, 52), (11, 50), (11, 47), (4, 47), (1, 48), (8, 52), (2, 45), (1, 48), (9, 48), (2, 45), (2, 45), (1, 48), (7, 44), (11, 50), (4, 47), (8, 52), (7, 44), (9, 53), (1, 48), (9, 48), (11, 50), (8, 52), (4, 52), (7, 44), (9, 53)]"
24,1,"[(4, 52), (9, 48), (8, 52), (2, 45), (7, 44), (3, 52), (1, 48), (2, 45), (4, 52), (4, 47), (7, 44), (11, 47), (4, 52), (2, 45), (9, 48), (7, 44), (8, 52), (11, 50), (11, 47), (4, 47), (1, 48), (8, 52), (2, 45), (1, 48), (9, 48), (2, 45), (2, 45), (1, 48), (7, 44), (11, 50), (4, 47), (8, 52), (7, 44), (9, 53), (1, 48), (9, 48), (11, 50), (8, 52), (4, 52), (7, 44), (9, 53), (9, 53), (11, 50), (1, 48), (9, 53), (9, 53), (4, 47), (4, 52), (11, 47)]"
25,1,"[(4, 52), (9, 48), (8, 52), (2, 45), (7, 44), (3, 52), (1, 48), (2, 45), (4, 52), (4, 47), (7, 44), (11, 47), (4, 52), (2, 45), (9, 48), (7, 44), (8, 52), (11, 50), (11, 47), (4, 47), (1, 48), (8, 52), (2, 45), (1, 48), (9, 48), (2, 45), (2, 45), (1, 48), (7, 44), (11, 50), (4, 47), (8, 52), (7, 44), (9, 53), (1, 48), (9, 48), (11, 50), (8, 52), (4, 52), (7, 44), (9, 53), (9, 53), (11, 50), (1, 48), (9, 53), (9, 53), (4, 47), (4, 52), (11, 47)]"
26,1,"[(7, 44), (3, 52), (1, 48), (2, 45), (4, 52), (4, 47), (7, 44), (11, 47), (4, 52), (2, 45), (9, 48), (7, 44), (8, 52), (11, 50), (11, 47), (4, 47), (1, 48), (8, 52), (2, 45), (1, 48), (9, 48), (2, 45), (2, 45), (1, 48), (7, 44), (11, 50), (4, 47), (8, 52), (7, 44), (9, 53), (1, 48), (9, 48), (11, 50), (8, 52), (4, 52), (7, 44), (9, 53), (9, 53), (11, 50), (1, 48), (9, 53), (9, 53), (4, 47), (4, 52), (11, 47), (11, 47), (3, 52), (9, 48), (11, 47), (2, 45), (4, 47), (4, 52), (7, 44), (8, 52), (9, 48), (11, 50), (3, 52), (7, 44), (8, 52), (3, 53), (4, 52), (7, 44)]"
27,1,"[(7, 44), (3, 52), (1, 48), (2, 45), (4, 52), (4, 47), (7, 44), (11, 47), (4, 52), (2, 45), (9, 48), (7, 44), (8, 52), (11, 50), (11, 47), (4, 47), (1, 48), (8, 52), (2, 45), (1, 48), (9, 48), (2, 45), (2, 45), (1, 48), (7, 44), (11, 50), (4, 47), (8, 52), (7, 44), (9, 53), (1, 48), (9, 48), (11, 50), (8, 52), (4, 52), (7, 44), (9, 53), (9, 53), (11, 50), (1, 48), (9, 53), (9, 53), (4, 47), (4, 52), (11, 47), (11, 47), (3, 52), (9, 48), (11, 47), (2, 45), (4, 47), (4, 52), (7, 44), (8, 52), (9, 48), (11, 50), (3, 52), (7, 44), (8, 52), (3, 53), (4, 52), (7, 44)]"
28,1,"[(7, 44), (3, 52), (1, 48), (2, 45), (4, 52), (4, 47), (7, 44), (11, 47), (4, 52), (2, 45), (9, 48), (7, 44), (8, 52), (11, 50), (11, 47), (4, 47), (1, 48), (8, 52), (2, 45), (1, 48), (9, 48), (2, 45), (2, 45), (1, 48), (7, 44), (11, 50), (4, 47), (8, 52), (7, 44), (9, 53), (1, 48), (9, 48), (11, 50), (8, 52), (4, 52), (7, 44), (9, 53), (9, 53), (11, 50), (1, 48), (9, 53), (9, 53), (4, 47), (4, 52), (11, 47), (11, 47), (3, 52), (9, 48), (11, 47), (2, 45), (4, 47), (4, 52), (7, 44), (8, 52), (9, 48), (11, 50), (3, 52), (7, 44), (8, 52), (3, 53), (4, 52), (7, 44)]"
29,1,"[(7, 44), (3, 52), (1, 48), (2, 45), (4, 52), (4, 47), (7, 44), (11, 47), (4, 52), (2, 45), (9, 48), (7, 44), (8, 52), (11, 50), (11, 47), (4, 47), (1, 48), (8, 52), (2, 45), (1, 48), (9, 48), (2, 45), (2, 45), (1, 48), (7, 44), (11, 50), (4, 47), (8, 52), (7, 44), (9, 53), (1, 48), (9, 48), (11, 50), (8, 52), (4, 52), (7, 44), (9, 53), (9, 53), (11, 50), (1, 48), (9, 53), (9, 53), (4, 47), (4, 52), (11, 47), (11, 47), (3, 52), (9, 48), (11, 47), (2, 45), (4, 47), (4, 52), (7, 44), (8, 52), (9, 48), (11, 50), (3, 52), (7, 44), (8, 52), (3, 53), (4, 52), (7, 44)]"
30,1,"[(7, 44), (11, 47), (4, 52), (2, 45), (9, 48), (7, 44), (8, 52), (11, 50), (11, 47), (4, 47), (1, 48), (8, 52), (2, 45), (1, 48), (9, 48), (2, 45), (2, 45), (1, 48), (7, 44), (11, 50), (4, 47), (8, 52), (7, 44), (9, 53), (1, 48), (9, 48), (11, 50), (8, 52), (4, 52), (7, 44), (9, 53), (9, 53), (11, 50), (1, 48), (9, 53), (9, 53), (4, 47), (4, 52), (11, 47), (11, 47), (3, 52), (9, 48), (11, 47), (2, 45), (4, 47), (4, 52), (7, 44), (8, 52), (9, 48), (11, 50), (3, 52), (7, 44), (8, 52), (3, 53), (4, 52), (7, 44), (3, 53), (7, 44), (1, 48), (4, 47), (9, 53)]"
31,1,"[(7, 44), (11, 47), (4, 52), (2, 45), (9, 48), (7, 44), (8, 52), (11, 50), (11, 47), (4, 47), (1, 48), (8, 52), (2, 45), (1, 48), (9, 48), (2, 45), (2, 45), (1, 48), (7, 44), (11, 50), (4, 47), (8, 52), (7, 44), (9, 53), (1, 48), (9, 48), (11, 50), (8, 52), (4, 52), (7, 44), (9, 53), (9, 53), (11, 50), (1, 48), (9, 53), (9, 53), (4, 47), (4, 52), (11, 47), (11, 47), (3, 52), (9, 48), (11, 47), (2, 45), (4, 47), (4, 52), (7, 44), (8, 52), (9, 48), (11, 50), (3, 52), (7, 44), (8, 52), (3, 53), (4, 52), (7, 44), (3, 53), (7, 44), (1, 48), (4, 47), (9, 53)]"
32,1,"[(8, 52), (11, 50), (11, 47), (4, 47), (1, 48), (8, 52), (2, 45), (1, 48), (9, 48), (2, 45), (2, 45), (1, 48), (7, 44), (11, 50), (4, 47), (8, 52), (7, 44), (9, 53), (1, 48), (9, 48), (11, 50), (8, 52), (4, 52), (7, 44), (9, 53), (9, 53), (11, 50), (1, 48), (9, 53), (9, 53), (4, 47), (4, 52), (11, 47), (11, 47), (3, 52), (9, 48), (11, 47), (2, 45), (4, 47), (4, 52), (7, 44), (8, 52), (9, 48), (11, 50), (3, 52), (7, 44), (8, 52), (3, 53), (4, 52), (7, 44), (3, 53), (7, 44), (1, 48), (4, 47), (9, 53), (8, 43), (11, 47), (4, 47), (9, 53), (8, 43), (9, 48), (3, 53), (9, 53), (9, 53), (2, 45), (1, 48), (9, 48), (11, 47), (4, 52), (9, 53)]"
33,1,"[(8, 52), (11, 50), (11, 47), (4, 47), (1, 48), (8, 52), (2, 45), (1, 48), (9, 48), (2, 45), (2, 45), (1, 48), (7, 44), (11, 50), (4, 47), (8, 52), (7, 44), (9, 53), (1, 48), (9, 48), (11, 50), (8, 52), (4, 52), (7, 44), (9, 53), (9, 53), (11, 50), (1, 48), (9, 53), (9, 53), (4, 47), (4, 52), (11, 47), (11, 47), (3, 52), (9, 48), (11, 47), (2, 45), (4, 47), (4, 52), (7, 44), (8, 52), (9, 48), (11, 50), (3, 52), (7, 44), (8, 52), (3, 53), (4, 52), (7, 44), (3, 53), (7, 44), (1, 48), (4, 47), (9, 53), (8, 43), (11, 47), (4, 47), (9, 53), (8, 43), (9, 48), (3, 53), (9, 53), (9, 53), (2, 45), (1, 48), (9, 48), (11, 47), (4, 52), (9, 53)]"
34,1,"[(8, 52), (11, 50), (11, 47), (4, 47), (1, 48), (8, 52), (2, 45), (1, 48), (9, 48), (2, 45), (2, 45), (1, 48), (7, 44), (11, 50), (4, 47), (8, 52), (7, 44), (9, 53), (1, 48), (9, 48), (11, 50), (8, 52), (4, 52), (7, 44), (9, 53), (9, 53), (11, 50), (1, 48), (9, 53), (9, 53), (4, 47), (4, 52), (11, 47), (11, 47), (3, 52), (9, 48), (11, 47), (2, 45), (4, 47), (4, 52), (7, 44), (8, 52), (9, 48), (11, 50), (3, 52), (7, 44), (8, 52), (3, 53), (4, 52), (7, 44), (3, 53), (7, 44), (1, 48), (4, 47), (9, 53), (8, 43), (11, 47), (4, 47), (9, 53), (8, 43), (9, 48), (3, 53), (9, 53), (9, 53), (2, 45), (1, 48), (9, 48), (11, 47), (4, 52), (9, 53)]"
35,1,"[(8, 52), (11, 50), (11, 47), (4, 47), (1, 48), (8, 52), (2, 45), (1, 48), (9, 48), (2, 45), (2, 45), (1, 48), (7, 44), (11, 50), (4, 47), (8, 52), (7, 44), (9, 53), (1, 48), (9, 48), (11, 50), (8, 52), (4, 52), (7, 44), (9, 53), (9, 53), (11, 50), (1, 48), (9, 53), (9, 53), (4, 47), (4, 52), (11, 47), (11, 47), (3, 52), (9, 48), (11, 47), (2, 45), (4, 47), (4, 52), (7, 44), (8, 52), (9, 48), (11, 50), (3, 52), (7, 44), (8, 52), (3, 53), (4, 52), (7, 44), (3, 53), (7, 44), (1, 48), (4, 47), (9, 53), (8, 43), (11, 47), (4, 47), (9, 53), (8, 43), (9, 48), (3, 53), (9, 53), (9, 53), (2, 45), (1, 48), (9, 48), (11, 47), (4, 52), (9, 53)]"
36,1,"[(1, 48), (9, 48), (2, 45), (2, 45), (1, 48), (7, 44), (11, 50), (4, 47), (8, 52), (7, 44), (9, 53), (1, 48), (9, 48), (11, 50), (8, 52), (4, 52), (7, 44), (9, 53), (9, 53), (11, 50), (1, 48), (9, 53), (9, 53), (4, 47), (4, 52), (11, 47), (11, 47), (3, 52), (9, 48), (11, 47), (2, 45), (4, 47), (4, 52), (7, 44), (8, 52), (9, 48), (11, 50), (3, 52), (7, 44), (8, 52), (3, 53), (4, 52), (7, 44), (3, 53), (7, 44), (1, 48), (4, 47), (9, 53), (8, 43), (11, 47), (4, 47), (9, 53), (8, 43), (9, 48), (3, 53), (9, 53), (9, 53), (2, 45), (1, 48), (9, 48), (11, 47), (4, 52), (9, 53), (1, 48), (11, 50), (1, 48), (4, 47), (11, 47), (7, 44), (9, 53)]"
37,1,"[(4, 47), (8, 52), (7, 44), (9, 53), (1, 48), (9, 48), (11, 50), (8, 52), (4, 52), (7, 44), (9, 53), (9, 53), (11, 50), (1, 48), (9, 53), (9, 53), (4, 47), (4, 52), (11, 47), (11, 47), (3, 52), (9, 48), (11, 47), (2, 45), (4, 47), (4, 52), (7, 44), (8, 52), (9, 48), (11, 50), (3, 52), (7, 44), (8, 52), (3, 53), (4, 52), (7, 44), (3, 53), (7, 44), (1, 48), (4, 47), (9, 53), (8, 43), (11, 47), (4, 47), (9, 53), (8, 43), (9, 48), (3, 53), (9, 53), (9, 53), (2, 45), (1, 48), (9, 48), (11, 47), (4, 52), (9, 53), (1, 48), (11, 50), (1, 48), (4, 47), (11, 47), (7, 44), (9, 53), (9, 48), (4, 52), (11, 47), (2, 45), (11, 50)]"
38,1,"[(4, 47), (8, 52), (7, 44), (9, 53), (1, 48), (9, 48), (11, 50), (8, 52), (4, 52), (7, 44), (9, 53), (9, 53), (11, 50), (1, 48), (9, 53), (9, 53), (4, 47), (4, 52), (11, 47), (11, 47), (3, 52), (9, 48), (11, 47), (2, 45), (4, 47), (4, 52), (7, 44), (8, 52), (9, 48), (11, 50), (3, 52), (7, 44), (8, 52), (3, 53), (4, 52), (7, 44), (3, 53), (7, 44), (1, 48), (4, 47), (9, 53), (8, 43), (11, 47), (4, 47), (9, 53), (8, 43), (9, 48), (3, 53), (9, 53), (9, 53), (2, 45), (1, 48), (9, 48), (11, 47), (4, 52), (9, 53), (1, 48), (11, 50), (1, 48), (4, 47), (11, 47), (7, 44), (9, 53), (9, 48), (4, 52), (11, 47), (2, 45), (11, 50)]"
39,1,"[(11, 50), (8, 52), (4, 52), (7, 44), (9, 53), (9, 53), (11, 50), (1, 48), (9, 53), (9, 53), (4, 47), (4, 52), (11, 47), (11, 47), (3, 52), (9, 48), (11, 47), (2, 45), (4, 47), (4, 52), (7, 44), (8, 52), (9, 48), (11, 50), (3, 52), (7, 44), (8, 52), (3, 53), (4, 52), (7, 44), (3, 53), (7, 44), (1, 48), (4, 47), (9, 53), (8, 43), (11, 47), (4, 47), (9, 53), (8, 43), (9, 48), (3, 53), (9, 53), (9, 53), (2, 45), (1, 48), (9, 48), (11, 47), (4, 52), (9, 53), (1, 48), (11, 50), (1, 48), (4, 47), (11, 47), (7, 44), (9, 53), (9, 48), (4, 52), (11, 47), (2, 45), (11, 50), (2, 45), (4, 47), (11, 50), (11, 47), (4, 52), (1, 48), (11, 50), (1, 48), (11, 47)]"
40,1,"[(11, 50), (8, 52), (4, 52), (7, 44), (9, 53), (9, 53), (11, 50), (1, 48), (9, 53), (9, 53), (4, 47), (4, 52), (11, 47), (11, 47), (3, 52), (9, 48), (11, 47), (2, 45), (4, 47), (4, 52), (7, 44), (8, 52), (9, 48), (11, 50), (3, 52), (7, 44), (8, 52), (3, 53), (4, 52), (7, 44), (3, 53), (7, 44), (1, 48), (4, 47), (9, 53), (8, 43), (11, 47), (4, 47), (9, 53), (8, 43), (9, 48), (3, 53), (9, 53), (9, 53), (2, 45), (1, 48), (9, 48), (11, 47), (4, 52), (9, 53), (1, 48), (11, 50), (1, 48), (4, 47), (11, 47), (7, 44), (9, 53), (9, 48), (4, 52), (11, 47), (2, 45), (11, 50), (2, 45), (4, 47), (11, 50), (11, 47), (4, 52), (1, 48), (11, 50), (1, 48), (11, 47)]"
41,1,"[(1, 48), (9, 53), (9, 53), (4, 47), (4, 52), (11, 47), (11, 47), (3, 52), (9, 48), (11, 47), (2, 45), (4, 47), (4, 52), (7, 44), (8, 52), (9, 48), (11, 50), (3, 52), (7, 44), (8, 52), (3, 53), (4, 52), (7, 44), (3, 53), (7, 44), (1, 48), (4, 47), (9, 53), (8, 43), (11, 47), (4, 47), (9, 53), (8, 43), (9, 48), (3, 53), (9, 53), (9, 53), (2, 45), (1, 48), (9, 48), (11, 47), (4, 52), (9, 53), (1, 48), (11, 50), (1, 48), (4, 47), (11, 47), (7, 44), (9, 53), (9, 48), (4, 52), (11, 47), (2, 45), (11, 50), (2, 45), (4, 47), (11, 50), (11, 47), (4, 52), (1, 48), (11, 50), (1, 48), (11, 47), (8, 52), (9, 48), (8, 52), (11, 50), (4, 52), (7, 44), (7, 44), (11, 47), (9, 53), (1, 48), (4, 47), (9, 48), (7, 44), (8, 52), (11, 47), (4, 47), (7, 44), (11, 50), (1, 48), (9, 53), (9, 53), (8, 52), (3, 53), (3, 53), (11, 50), (8, 43)]"
42,1,"[(1, 48), (9, 53), (9, 53), (4, 47), (4, 52), (11, 47), (11, 47), (3, 52), (9, 48), (11, 47), (2, 45), (4, 47), (4, 52), (7, 44), (8, 52), (9, 48), (11, 50), (3, 52), (7, 44), (8, 52), (3, 53), (4, 52), (7, 44), (3, 53), (7, 44), (1, 48), (4, 47), (9, 53), (8, 43), (11, 47), (4, 47), (9, 53), (8, 43), (9, 48), (3, 53), (9, 53), (9, 53), (2, 45), (1, 48), (9, 48), (11, 47), (4, 52), (9, 53), (1, 48), (11, 50), (1, 48), (4, 47), (11, 47), (7, 44), (9, 53), (9, 48), (4, 52), (11, 47), (2, 45), (11, 50), (2, 45), (4, 47), (11, 50), (11, 47), (4, 52), (1, 48), (11, 50), (1, 48), (11, 47), (8, 52), (9, 48), (8, 52), (11, 50), (4, 52), (7, 44), (7, 44), (11, 47), (9, 53), (1, 48), (4, 47), (9, 48), (7, 44), (8, 52), (11, 47), (4, 47), (7, 44), (11, 50), (1, 48), (9, 53), (9, 53), (8, 52), (3, 53), (3, 53), (11, 50), (8, 43)]"
43,1,"[(1, 48), (9, 53), (9, 53), (4, 47), (4, 52), (11, 47), (11, 47), (3, 52), (9, 48), (11, 47), (2, 45), (4, 47), (4, 52), (7, 44), (8, 52), (9, 48), (11, 50), (3, 52), (7, 44), (8, 52), (3, 53), (4, 52), (7, 44), (3, 53), (7, 44), (1, 48), (4, 47), (9, 53), (8, 43), (11, 47), (4, 47), (9, 53), (8, 43), (9, 48), (3, 53), (9, 53), (9, 53), (2, 45), (1, 48), (9, 48), (11, 47), (4, 52), (9, 53), (1, 48), (11, 50), (1, 48), (4, 47), (11, 47), (7, 44), (9, 53), (9, 48), (4, 52), (11, 47), (2, 45), (11, 50), (2, 45), (4, 47), (11, 50), (11, 47), (4, 52), (1, 48), (11, 50), (1, 48), (11, 47), (8, 52), (9, 48), (8, 52), (11, 50), (4, 52), (7, 44), (7, 44), (11, 47), (9, 53), (1, 48), (4, 47), (9, 48), (7, 44), (8, 52), (11, 47), (4, 47), (7, 44), (11, 50), (1, 48), (9, 53), (9, 53), (8, 52), (3, 53), (3, 53), (11, 50), (8, 43)]"
44,1,"[(1, 48), (9, 53), (9, 53), (4, 47), (4, 52), (11, 47), (11, 47), (3, 52), (9, 48), (11, 47), (2, 45), (4, 47), (4, 52), (7, 44), (8, 52), (9, 48), (11, 50), (3, 52), (7, 44), (8, 52), (3, 53), (4, 52), (7, 44), (3, 53), (7, 44), (1, 48), (4, 47), (9, 53), (8, 43), (11, 47), (4, 47), (9, 53), (8, 43), (9, 48), (3, 53), (9, 53), (9, 53), (2, 45), (1, 48), (9, 48), (11, 47), (4, 52), (9, 53), (1, 48), (11, 50), (1, 48), (4, 47), (11, 47), (7, 44), (9, 53), (9, 48), (4, 52), (11, 47), (2, 45), (11, 50), (2, 45), (4, 47), (11, 50), (11, 47), (4, 52), (1, 48), (11, 50), (1, 48), (11, 47), (8, 52), (9, 48), (8, 52), (11, 50), (4, 52), (7, 44), (7, 44), (11, 47), (9, 53), (1, 48), (4, 47), (9, 48), (7, 44), (8, 52), (11, 47), (4, 47), (7, 44), (11, 50), (1, 48), (9, 53), (9, 53), (8, 52), (3, 53), (3, 53), (11, 50), (8, 43)]"
45,1,"[(1, 48), (9, 53), (9, 53), (4, 47), (4, 52), (11, 47), (11, 47), (3, 52), (9, 48), (11, 47), (2, 45), (4, 47), (4, 52), (7, 44), (8, 52), (9, 48), (11, 50), (3, 52), (7, 44), (8, 52), (3, 53), (4, 52), (7, 44), (3, 53), (7, 44), (1, 48), (4, 47), (9, 53), (8, 43), (11, 47), (4, 47), (9, 53), (8, 43), (9, 48), (3, 53), (9, 53), (9, 53), (2, 45), (1, 48), (9, 48), (11, 47), (4, 52), (9, 53), (1, 48), (11, 50), (1, 48), (4, 47), (11, 47), (7, 44), (9, 53), (9, 48), (4, 52), (11, 47), (2, 45), (11, 50), (2, 45), (4, 47), (11, 50), (11, 47), (4, 52), (1, 48), (11, 50), (1, 48), (11, 47), (8, 52), (9, 48), (8, 52), (11, 50), (4, 52), (7, 44), (7, 44), (11, 47), (9, 53), (1, 48), (4, 47), (9, 48), (7, 44), (8, 52), (11, 47), (4, 47), (7, 44), (11, 50), (1, 48), (9, 53), (9, 53), (8, 52), (3, 53), (3, 53), (11, 50), (8, 43)]"
46,1,"[(1, 48), (9, 53), (9, 53), (4, 47), (4, 52), (11, 47), (11, 47), (3, 52), (9, 48), (11, 47), (2, 45), (4, 47), (4, 52), (7, 44), (8, 52), (9, 48), (11, 50), (3, 52), (7, 44), (8, 52), (3, 53), (4, 52), (7, 44), (3, 53), (7, 44), (1, 48), (4, 47), (9, 53), (8, 43), (11, 47), (4, 47), (9, 53), (8, 43), (9, 48), (3, 53), (9, 53), (9, 53), (2, 45), (1, 48), (9, 48), (11, 47), (4, 52), (9, 53), (1, 48), (11, 50), (1, 48), (4, 47), (11, 47), (7, 44), (9, 53), (9, 48), (4, 52), (11, 47), (2, 45), (11, 50), (2, 45), (4, 47), (11, 50), (11, 47), (4, 52), (1, 48), (11, 50), (1, 48), (11, 47), (8, 52), (9, 48), (8, 52), (11, 50), (4, 52), (7, 44), (7, 44), (11, 47), (9, 53), (1, 48), (4, 47), (9, 48), (7, 44), (8, 52), (11, 47), (4, 47), (7, 44), (11, 50), (1, 48), (9, 53), (9, 53), (8, 52), (3, 53), (3, 53), (11, 50), (8, 43)]"
47,1,"[(11, 47), (2, 45), (4, 47), (4, 52), (7, 44), (8, 52), (9, 48), (11, 50), (3, 52), (7, 44), (8, 52), (3, 53), (4, 52), (7, 44), (3, 53), (7, 44), (1, 48), (4, 47), (9, 53), (8, 43), (11, 47), (4, 47), (9, 53), (8, 43), (9, 48), (3, 53), (9, 53), (9, 53), (2, 45), (1, 48), (9, 48), (11, 47), (4, 52), (9, 53), (1, 48), (11, 50), (1, 48), (4, 47), (11, 47), (7, 44), (9, 53), (9, 48), (4, 52), (11, 47), (2, 45), (11, 50), (2, 45), (4, 47), (11, 50), (11, 47), (4, 52), (1, 48), (11, 50), (1, 48), (11, 47), (8, 52), (9, 48), (8, 52), (11, 50), (4, 52), (7, 44), (7, 44), (11, 47), (9, 53), (1, 48), (4, 47), (9, 48), (7, 44), (8, 52), (11, 47), (4, 47), (7, 44), (11, 50), (1, 48), (9, 53), (9, 53), (8, 52), (3, 53), (3, 53), (11, 50), (8, 43), (8, 52), (9, 48), (8, 52), (11, 50), (4, 47), (11, 47), (1, 48), (9, 53), (9, 48), (8, 43), (2, 45), (8, 52), (11, 50), (9, 53)]"
48,1,"[(11, 47), (2, 45), (4, 47), (4, 52), (7, 44), (8, 52), (9, 48), (11, 50), (3, 52), (7, 44), (8, 52), (3, 53), (4, 52), (7, 44), (3, 53), (7, 44), (1, 48), (4, 47), (9, 53), (8, 43), (11, 47), (4, 47), (9, 53), (8, 43), (9, 48), (3, 53), (9, 53), (9, 53), (2, 45), (1, 48), (9, 48), (11, 47), (4, 52), (9, 53), (1, 48), (11, 50), (1, 48), (4, 47), (11, 47), (7, 44), (9, 53), (9, 48), (4, 52), (11, 47), (2, 45), (11, 50), (2, 45), (4, 47), (11, 50), (11, 47), (4, 52), (1, 48), (11, 50), (1, 48), (11, 47), (8, 52), (9, 48), (8, 52), (11, 50), (4, 52), (7, 44), (7, 44), (11, 47), (9, 53), (1, 48), (4, 47), (9, 48), (7, 44), (8, 52), (11, 47), (4, 47), (7, 44), (11, 50), (1, 48), (9, 53), (9, 53), (8, 52), (3, 53), (3, 53), (11, 50), (8, 43), (8, 52), (9, 48), (8, 52), (11, 50), (4, 47), (11, 47), (1, 48), (9, 53), (9, 48), (8, 43), (2, 45), (8, 52), (11, 50), (9, 53)]"
49,1,"[(11, 47), (2, 45), (4, 47), (4, 52), (7, 44), (8, 52), (9, 48), (11, 50), (3, 52), (7, 44), (8, 52), (3, 53), (4, 52), (7, 44), (3, 53), (7, 44), (1, 48), (4, 47), (9, 53), (8, 43), (11, 47), (4, 47), (9, 53), (8, 43), (9, 48), (3, 53), (9, 53), (9, 53), (2, 45), (1, 48), (9, 48), (11, 47), (4, 52), (9, 53), (1, 48), (11, 50), (1, 48), (4, 47), (11, 47), (7, 44), (9, 53), (9, 48), (4, 52), (11, 47), (2, 45), (11, 50), (2, 45), (4, 47), (11, 50), (11, 47), (4, 52), (1, 48), (11, 50), (1, 48), (11, 47), (8, 52), (9, 48), (8, 52), (11, 50), (4, 52), (7, 44), (7, 44), (11, 47), (9, 53), (1, 48), (4, 47), (9, 48), (7, 44), (8, 52), (11, 47), (4, 47), (7, 44), (11, 50), (1, 48), (9, 53), (9, 53), (8, 52), (3, 53), (3, 53), (11, 50), (8, 43), (8, 52), (9, 48), (8, 52), (11, 50), (4, 47), (11, 47), (1, 48), (9, 53), (9, 48), (8, 43), (2, 45), (8, 52), (11, 50), (9, 53)]"
50,1,"[(11, 47), (2, 45), (4, 47), (4, 52), (7, 44), (8, 52), (9, 48), (11, 50), (3, 52), (7, 44), (8, 52), (3, 53), (4, 52), (7, 44), (3, 53), (7, 44), (1, 48), (4, 47), (9, 53), (8, 43), (11, 47), (4, 47), (9, 53), (8, 43), (9, 48), (3, 53), (9, 53), (9, 53), (2, 45), (1, 48), (9, 48), (11, 47), (4, 52), (9, 53), (1, 48), (11, 50), (1, 48), (4, 47), (11, 47), (7, 44), (9, 53), (9, 48), (4, 52), (11, 47), (2, 45), (11, 50), (2, 45), (4, 47), (11, 50), (11, 47), (4, 52), (1, 48), (11, 50), (1, 48), (11, 47), (8, 52), (9, 48), (8, 52), (11, 50), (4, 52), (7, 44), (7, 44), (11, 47), (9, 53), (1, 48), (4, 47), (9, 48), (7, 44), (8, 52), (11, 47), (4, 47), (7, 44), (11, 50), (1, 48), (9, 53), (9, 53), (8, 52), (3, 53), (3, 53), (11, 50), (8, 43), (8, 52), (9, 48), (8, 52), (11, 50), (4, 47), (11, 47), (1, 48), (9, 53), (9, 48), (8, 43), (2, 45), (8, 52), (11, 50), (9, 53)]"
51,1,"[(7, 44), (8, 52), (3, 53), (4, 52), (7, 44), (3, 53), (7, 44), (1, 48), (4, 47), (9, 53), (8, 43), (11, 47), (4, 47), (9, 53), (8, 43), (9, 48), (3, 53), (9, 53), (9, 53), (2, 45), (1, 48), (9, 48), (11, 47), (4, 52), (9, 53), (1, 48), (11, 50), (1, 48), (4, 47), (11, 47), (7, 44), (9, 53), (9, 48), (4, 52), (11, 47), (2, 45), (11, 50), (2, 45), (4, 47), (11, 50), (11, 47), (4, 52), (1, 48), (11, 50), (1, 48), (11, 47), (8, 52), (9, 48), (8, 52), (11, 50), (4, 52), (7, 44), (7, 44), (11, 47), (9, 53), (1, 48), (4, 47), (9, 48), (7, 44), (8, 52), (11, 47), (4, 47), (7, 44), (11, 50), (1, 48), (9, 53), (9, 53), (8, 52), (3, 53), (3, 53), (11, 50), (8, 43), (8, 52), (9, 48), (8, 52), (11, 50), (4, 47), (11, 47), (1, 48), (9, 53), (9, 48), (8, 43), (2, 45), (8, 52), (11, 50), (9, 53), (7, 44), (4, 47), (11, 47), (1, 48), (7, 44), (4, 52), (9, 48), (9, 53), (11, 50)]"
52,1,"[(7, 44), (8, 52), (3, 53), (4, 52), (7, 44), (3, 53), (7, 44), (1, 48), (4, 47), (9, 53), (8, 43), (11, 47), (4, 47), (9, 53), (8, 43), (9, 48), (3, 53), (9, 53), (9, 53), (2, 45), (1, 48), (9, 48), (11, 47), (4, 52), (9, 53), (1, 48), (11, 50), (1, 48), (4, 47), (11, 47), (7, 44), (9, 53), (9, 48), (4, 52), (11, 47), (2, 45), (11, 50), (2, 45), (4, 47), (11, 50), (11, 47), (4, 52), (1, 48), (11, 50), (1, 48), (11, 47), (8, 52), (9, 48), (8, 52), (11, 50), (4, 52), (7, 44), (7, 44), (11, 47), (9, 53), (1, 48), (4, 47), (9, 48), (7, 44), (8, 52), (11, 47), (4, 47), (7, 44), (11, 50), (1, 48), (9, 53), (9, 53), (8, 52), (3, 53), (3, 53), (11, 50), (8, 43), (8, 52), (9, 48), (8, 52), (11, 50), (4, 47), (11, 47), (1, 48), (9, 53), (9, 48), (8, 43), (2, 45), (8, 52), (11, 50), (9, 53), (7, 44), (4, 47), (11, 47), (1, 48), (7, 44), (4, 52), (9, 48), (9, 53), (11, 50)]"
53,1,"[(9, 53), (8, 43), (11, 47), (4, 47), (9, 53), (8, 43), (9, 48), (3, 53), (9, 53), (9, 53), (2, 45), (1, 48), (9, 48), (11, 47), (4, 52), (9, 53), (1, 48), (11, 50), (1, 48), (4, 47), (11, 47), (7, 44), (9, 53), (9, 48), (4, 52), (11, 47), (2, 45), (11, 50), (2, 45), (4, 47), (11, 50), (11, 47), (4, 52), (1, 48), (11, 50), (1, 48), (11, 47), (8, 52), (9, 48), (8, 52), (11, 50), (4, 52), (7, 44), (7, 44), (11, 47), (9, 53), (1, 48), (4, 47), (9, 48), (7, 44), (8, 52), (11, 47), (4, 47), (7, 44), (11, 50), (1, 48), (9, 53), (9, 53), (8, 52), (3, 53), (3, 53), (11, 50), (8, 43), (8, 52), (9, 48), (8, 52), (11, 50), (4, 47), (11, 47), (1, 48), (9, 53), (9, 48), (8, 43), (2, 45), (8, 52), (11, 50), (9, 53), (7, 44), (4, 47), (11, 47), (1, 48), (7, 44), (4, 52), (9, 48), (9, 53), (11, 50), (4, 52), (8, 52), (4, 52)]"
54,1,"[(9, 53), (9, 53), (2, 45), (1, 48), (9, 48), (11, 47), (4, 52), (9, 53), (1, 48), (11, 50), (1, 48), (4, 47), (11, 47), (7, 44), (9, 53), (9, 48), (4, 52), (11, 47), (2, 45), (11, 50), (2, 45), (4, 47), (11, 50), (11, 47), (4, 52), (1, 48), (11, 50), (1, 48), (11, 47), (8, 52), (9, 48), (8, 52), (11, 50), (4, 52), (7, 44), (7, 44), (11, 47), (9, 53), (1, 48), (4, 47), (9, 48), (7, 44), (8, 52), (11, 47), (4, 47), (7, 44), (11, 50), (1, 48), (9, 53), (9, 53), (8, 52), (3, 53), (3, 53), (11, 50), (8, 43), (8, 52), (9, 48), (8, 52), (11, 50), (4, 47), (11, 47), (1, 48), (9, 53), (9, 48), (8, 43), (2, 45), (8, 52), (11, 50), (9, 53), (7, 44), (4, 47), (11, 47), (1, 48), (7, 44), (4, 52), (9, 48), (9, 53), (11, 50), (4, 52), (8, 52), (4, 52), (3, 52), (2, 45), (4, 47), (3, 52), (1, 48)]"
55,1,"[(1, 48), (11, 50), (1, 48), (4, 47), (11, 47), (7, 44), (9, 53), (9, 48), (4, 52), (11, 47), (2, 45), (11, 50), (2, 45), (4, 47), (11, 50), (11, 47), (4, 52), (1, 48), (11, 50), (1, 48), (11, 47), (8, 52), (9, 48), (8, 52), (11, 50), (4, 52), (7, 44), (7, 44), (11, 47), (9, 53), (1, 48), (4, 47), (9, 48), (7, 44), (8, 52), (11, 47), (4, 47), (7, 44), (11, 50), (1, 48), (9, 53), (9, 53), (8, 52), (3, 53), (3, 53), (11, 50), (8, 43), (8, 52), (9, 48), (8, 52), (11, 50), (4, 47), (11, 47), (1, 48), (9, 53), (9, 48), (8, 43), (2, 45), (8, 52), (11, 50), (9, 53), (7, 44), (4, 47), (11, 47), (1, 48), (7, 44), (4, 52), (9, 48), (9, 53), (11, 50), (4, 52), (8, 52), (4, 52), (3, 52), (2, 45), (4, 47), (3, 52), (1, 48), (3, 52), (9, 48), (7, 44), (8, 52), (7, 54), (11, 50)]"
56,1,"[(1, 48), (11, 50), (1, 48), (4, 47), (11, 47), (7, 44), (9, 53), (9, 48), (4, 52), (11, 47), (2, 45), (11, 50), (2, 45), (4, 47), (11, 50), (11, 47), (4, 52), (1, 48), (11, 50), (1, 48), (11, 47), (8, 52), (9, 48), (8, 52), (11, 50), (4, 52), (7, 44), (7, 44), (11, 47), (9, 53), (1, 48), (4, 47), (9, 48), (7, 44), (8, 52), (11, 47), (4, 47), (7, 44), (11, 50), (1, 48), (9, 53), (9, 53), (8, 52), (3, 53), (3, 53), (11, 50), (8, 43), (8, 52), (9, 48), (8, 52), (11, 50), (4, 47), (11, 47), (1, 48), (9, 53), (9, 48), (8, 43), (2, 45), (8, 52), (11, 50), (9, 53), (7, 44), (4, 47), (11, 47), (1, 48), (7, 44), (4, 52), (9, 48), (9, 53), (11, 50), (4, 52), (8, 52), (4, 52), (3, 52), (2, 45), (4, 47), (3, 52), (1, 48), (3, 52), (9, 48), (7, 44), (8, 52), (7, 54), (11, 50)]"
57,1,"[(4, 52), (11, 47), (2, 45), (11, 50), (2, 45), (4, 47), (11, 50), (11, 47), (4, 52), (1, 48), (11, 50), (1, 48), (11, 47), (8, 52), (9, 48), (8, 52), (11, 50), (4, 52), (7, 44), (7, 44), (11, 47), (9, 53), (1, 48), (4, 47), (9, 48), (7, 44), (8, 52), (11, 47), (4, 47), (7, 44), (11, 50), (1, 48), (9, 53), (9, 53), (8, 52), (3, 53), (3, 53), (11, 50), (8, 43), (8, 52), (9, 48), (8, 52), (11, 50), (4, 47), (11, 47), (1, 48), (9, 53), (9, 48), (8, 43), (2, 45), (8, 52), (11, 50), (9, 53), (7, 44), (4, 47), (11, 47), (1, 48), (7, 44), (4, 52), (9, 48), (9, 53), (11, 50), (4, 52), (8, 52), (4, 52), (3, 52), (2, 45), (4, 47), (3, 52), (1, 48), (3, 52), (9, 48), (7, 44), (8, 52), (7, 54), (11, 50), (7, 44), (4, 47)]"
58,1,"[(11, 47), (4, 52), (1, 48), (11, 50), (1, 48), (11, 47), (8, 52), (9, 48), (8, 52), (11, 50), (4, 52), (7, 44), (7, 44), (11, 47), (9, 53), (1, 48), (4, 47), (9, 48), (7, 44), (8, 52), (11, 47), (4, 47), (7, 44), (11, 50), (1, 48), (9, 53), (9, 53), (8, 52), (3, 53), (3, 53), (11, 50), (8, 43), (8, 52), (9, 48), (8, 52), (11, 50), (4, 47), (11, 47), (1, 48), (9, 53), (9, 48), (8, 43), (2, 45), (8, 52), (11, 50), (9, 53), (7, 44), (4, 47), (11, 47), (1, 48), (7, 44), (4, 52), (9, 48), (9, 53), (11, 50), (4, 52), (8, 52), (4, 52), (3, 52), (2, 45), (4, 47), (3, 52), (1, 48), (3, 52), (9, 48), (7, 44), (8, 52), (7, 54), (11, 50), (7, 44), (4, 47), (9, 53), (9, 48)]"
59,1,"[(9, 48), (8, 52), (11, 50), (4, 52), (7, 44), (7, 44), (11, 47), (9, 53), (1, 48), (4, 47), (9, 48), (7, 44), (8, 52), (11, 47), (4, 47), (7, 44), (11, 50), (1, 48), (9, 53), (9, 53), (8, 52), (3, 53), (3, 53), (11, 50), (8, 43), (8, 52), (9, 48), (8, 52), (11, 50), (4, 47), (11, 47), (1, 48), (9, 53), (9, 48), (8, 43), (2, 45), (8, 52), (11, 50), (9, 53), (7, 44), (4, 47), (11, 47), (1, 48), (7, 44), (4, 52), (9, 48), (9, 53), (11, 50), (4, 52), (8, 52), (4, 52), (3, 52), (2, 45), (4, 47), (3, 52), (1, 48), (3, 52), (9, 48), (7, 44), (8, 52), (7, 54), (11, 50), (7, 44), (4, 47), (9, 53), (9, 48), (8, 52), (1, 48), (11, 47), (2, 45)]"
60,1,"[(9, 53), (1, 48), (4, 47), (9, 48), (7, 44), (8, 52), (11, 47), (4, 47), (7, 44), (11, 50), (1, 48), (9, 53), (9, 53), (8, 52), (3, 53), (3, 53), (11, 50), (8, 43), (8, 52), (9, 48), (8, 52), (11, 50), (4, 47), (11, 47), (1, 48), (9, 53), (9, 48), (8, 43), (2, 45), (8, 52), (11, 50), (9, 53), (7, 44), (4, 47), (11, 47), (1, 48), (7, 44), (4, 52), (9, 48), (9, 53), (11, 50), (4, 52), (8, 52), (4, 52), (3, 52), (2, 45), (4, 47), (3, 52), (1, 48), (3, 52), (9, 48), (7, 44), (8, 52), (7, 54), (11, 50), (7, 44), (4, 47), (9, 53), (9, 48), (8, 52), (1, 48), (11, 47), (2, 45), (1, 48), (8, 43), (7, 44), (4, 47)]"
61,1,"[(11, 47), (4, 47), (7, 44), (11, 50), (1, 48), (9, 53), (9, 53), (8, 52), (3, 53), (3, 53), (11, 50), (8, 43), (8, 52), (9, 48), (8, 52), (11, 50), (4, 47), (11, 47), (1, 48), (9, 53), (9, 48), (8, 43), (2, 45), (8, 52), (11, 50), (9, 53), (7, 44), (4, 47), (11, 47), (1, 48), (7, 44), (4, 52), (9, 48), (9, 53), (11, 50), (4, 52), (8, 52), (4, 52), (3, 52), (2, 45), (4, 47), (3, 52), (1, 48), (3, 52), (9, 48), (7, 44), (8, 52), (7, 54), (11, 50), (7, 44), (4, 47), (9, 53), (9, 48), (8, 52), (1, 48), (11, 47), (2, 45), (1, 48), (8, 43), (7, 44), (4, 47), (11, 47), (2, 45), (4, 52), (9, 48)]"
62,1,"[(9, 53), (8, 52), (3, 53), (3, 53), (11, 50), (8, 43), (8, 52), (9, 48), (8, 52), (11, 50), (4, 47), (11, 47), (1, 48), (9, 53), (9, 48), (8, 43), (2, 45), (8, 52), (11, 50), (9, 53), (7, 44), (4, 47), (11, 47), (1, 48), (7, 44), (4, 52), (9, 48), (9, 53), (11, 50), (4, 52), (8, 52), (4, 52), (3, 52), (2, 45), (4, 47), (3, 52), (1, 48), (3, 52), (9, 48), (7, 44), (8, 52), (7, 54), (11, 50), (7, 44), (4, 47), (9, 53), (9, 48), (8, 52), (1, 48), (11, 47), (2, 45), (1, 48), (8, 43), (7, 44), (4, 47), (11, 47), (2, 45), (4, 52), (9, 48), (4, 52), (4, 52), (0, 48), (8, 52)]"
63,1,"[(8, 52), (9, 48), (8, 52), (11, 50), (4, 47), (11, 47), (1, 48), (9, 53), (9, 48), (8, 43), (2, 45), (8, 52), (11, 50), (9, 53), (7, 44), (4, 47), (11, 47), (1, 48), (7, 44), (4, 52), (9, 48), (9, 53), (11, 50), (4, 52), (8, 52), (4, 52), (3, 52), (2, 45), (4, 47), (3, 52), (1, 48), (3, 52), (9, 48), (7, 44), (8, 52), (7, 54), (11, 50), (7, 44), (4, 47), (9, 53), (9, 48), (8, 52), (1, 48), (11, 47), (2, 45), (1, 48), (8, 43), (7, 44), (4, 47), (11, 47), (2, 45), (4, 52), (9, 48), (4, 52), (4, 52), (0, 48), (8, 52), (3, 52), (4, 47), (9, 53), (1, 48), (7, 44), (3, 53), (9, 48), (3, 52), (7, 44), (8, 52), (11, 47)]"
64,1,"[(8, 52), (9, 48), (8, 52), (11, 50), (4, 47), (11, 47), (1, 48), (9, 53), (9, 48), (8, 43), (2, 45), (8, 52), (11, 50), (9, 53), (7, 44), (4, 47), (11, 47), (1, 48), (7, 44), (4, 52), (9, 48), (9, 53), (11, 50), (4, 52), (8, 52), (4, 52), (3, 52), (2, 45), (4, 47), (3, 52), (1, 48), (3, 52), (9, 48), (7, 44), (8, 52), (7, 54), (11, 50), (7, 44), (4, 47), (9, 53), (9, 48), (8, 52), (1, 48), (11, 47), (2, 45), (1, 48), (8, 43), (7, 44), (4, 47), (11, 47), (2, 45), (4, 52), (9, 48), (4, 52), (4, 52), (0, 48), (8, 52), (3, 52), (4, 47), (9, 53), (1, 48), (7, 44), (3, 53), (9, 48), (3, 52), (7, 44), (8, 52), (11, 47)]"
65,1,"[(8, 52), (9, 48), (8, 52), (11, 50), (4, 47), (11, 47), (1, 48), (9, 53), (9, 48), (8, 43), (2, 45), (8, 52), (11, 50), (9, 53), (7, 44), (4, 47), (11, 47), (1, 48), (7, 44), (4, 52), (9, 48), (9, 53), (11, 50), (4, 52), (8, 52), (4, 52), (3, 52), (2, 45), (4, 47), (3, 52), (1, 48), (3, 52), (9, 48), (7, 44), (8, 52), (7, 54), (11, 50), (7, 44), (4, 47), (9, 53), (9, 48), (8, 52), (1, 48), (11, 47), (2, 45), (1, 48), (8, 43), (7, 44), (4, 47), (11, 47), (2, 45), (4, 52), (9, 48), (4, 52), (4, 52), (0, 48), (8, 52), (3, 52), (4, 47), (9, 53), (1, 48), (7, 44), (3, 53), (9, 48), (3, 52), (7, 44), (8, 52), (11, 47)]"
66,1,"[(1, 48), (9, 53), (9, 48), (8, 43), (2, 45), (8, 52), (11, 50), (9, 53), (7, 44), (4, 47), (11, 47), (1, 48), (7, 44), (4, 52), (9, 48), (9, 53), (11, 50), (4, 52), (8, 52), (4, 52), (3, 52), (2, 45), (4, 47), (3, 52), (1, 48), (3, 52), (9, 48), (7, 44), (8, 52), (7, 54), (11, 50), (7, 44), (4, 47), (9, 53), (9, 48), (8, 52), (1, 48), (11, 47), (2, 45), (1, 48), (8, 43), (7, 44), (4, 47), (11, 47), (2, 45), (4, 52), (9, 48), (4, 52), (4, 52), (0, 48), (8, 52), (3, 52), (4, 47), (9, 53), (1, 48), (7, 44), (3, 53), (9, 48), (3, 52), (7, 44), (8, 52), (11, 47), (4, 47), (9, 53), (1, 48)]"
67,1,"[(11, 50), (9, 53), (7, 44), (4, 47), (11, 47), (1, 48), (7, 44), (4, 52), (9, 48), (9, 53), (11, 50), (4, 52), (8, 52), (4, 52), (3, 52), (2, 45), (4, 47), (3, 52), (1, 48), (3, 52), (9, 48), (7, 44), (8, 52), (7, 54), (11, 50), (7, 44), (4, 47), (9, 53), (9, 48), (8, 52), (1, 48), (11, 47), (2, 45), (1, 48), (8, 43), (7, 44), (4, 47), (11, 47), (2, 45), (4, 52), (9, 48), (4, 52), (4, 52), (0, 48), (8, 52), (3, 52), (4, 47), (9, 53), (1, 48), (7, 44), (3, 53), (9, 48), (3, 52), (7, 44), (8, 52), (11, 47), (4, 47), (9, 53), (1, 48), (8, 43), (9, 48)]"
68,1,"[(7, 44), (4, 52), (9, 48), (9, 53), (11, 50), (4, 52), (8, 52), (4, 52), (3, 52), (2, 45), (4, 47), (3, 52), (1, 48), (3, 52), (9, 48), (7, 44), (8, 52), (7, 54), (11, 50), (7, 44), (4, 47), (9, 53), (9, 48), (8, 52), (1, 48), (11, 47), (2, 45), (1, 48), (8, 43), (7, 44), (4, 47), (11, 47), (2, 45), (4, 52), (9, 48), (4, 52), (4, 52), (0, 48), (8, 52), (3, 52), (4, 47), (9, 53), (1, 48), (7, 44), (3, 53), (9, 48), (3, 52), (7, 44), (8, 52), (11, 47), (4, 47), (9, 53), (1, 48), (8, 43), (9, 48), (2, 45), (8, 52), (4, 47), (11, 47), (4, 52), (8, 43), (9, 53), (7, 44)]"
69,1,"[(7, 44), (4, 52), (9, 48), (9, 53), (11, 50), (4, 52), (8, 52), (4, 52), (3, 52), (2, 45), (4, 47), (3, 52), (1, 48), (3, 52), (9, 48), (7, 44), (8, 52), (7, 54), (11, 50), (7, 44), (4, 47), (9, 53), (9, 48), (8, 52), (1, 48), (11, 47), (2, 45), (1, 48), (8, 43), (7, 44), (4, 47), (11, 47), (2, 45), (4, 52), (9, 48), (4, 52), (4, 52), (0, 48), (8, 52), (3, 52), (4, 47), (9, 53), (1, 48), (7, 44), (3, 53), (9, 48), (3, 52), (7, 44), (8, 52), (11, 47), (4, 47), (9, 53), (1, 48), (8, 43), (9, 48), (2, 45), (8, 52), (4, 47), (11, 47), (4, 52), (8, 43), (9, 53), (7, 44)]"
70,1,"[(8, 52), (4, 52), (3, 52), (2, 45), (4, 47), (3, 52), (1, 48), (3, 52), (9, 48), (7, 44), (8, 52), (7, 54), (11, 50), (7, 44), (4, 47), (9, 53), (9, 48), (8, 52), (1, 48), (11, 47), (2, 45), (1, 48), (8, 43), (7, 44), (4, 47), (11, 47), (2, 45), (4, 52), (9, 48), (4, 52), (4, 52), (0, 48), (8, 52), (3, 52), (4, 47), (9, 53), (1, 48), (7, 44), (3, 53), (9, 48), (3, 52), (7, 44), (8, 52), (11, 47), (4, 47), (9, 53), (1, 48), (8, 43), (9, 48), (2, 45), (8, 52), (4, 47), (11, 47), (4, 52), (8, 43), (9, 53), (7, 44), (1, 48), (11, 47), (7, 44), (4, 52), (8, 52), (2, 45)]"
71,1,"[(8, 52), (4, 52), (3, 52), (2, 45), (4, 47), (3, 52), (1, 48), (3, 52), (9, 48), (7, 44), (8, 52), (7, 54), (11, 50), (7, 44), (4, 47), (9, 53), (9, 48), (8, 52), (1, 48), (11, 47), (2, 45), (1, 48), (8, 43), (7, 44), (4, 47), (11, 47), (2, 45), (4, 52), (9, 48), (4, 52), (4, 52), (0, 48), (8, 52), (3, 52), (4, 47), (9, 53), (1, 48), (7, 44), (3, 53), (9, 48), (3, 52), (7, 44), (8, 52), (11, 47), (4, 47), (9, 53), (1, 48), (8, 43), (9, 48), (2, 45), (8, 52), (4, 47), (11, 47), (4, 52), (8, 43), (9, 53), (7, 44), (1, 48), (11, 47), (7, 44), (4, 52), (8, 52), (2, 45)]"
72,1,"[(1, 48), (3, 52), (9, 48), (7, 44), (8, 52), (7, 54), (11, 50), (7, 44), (4, 47), (9, 53), (9, 48), (8, 52), (1, 48), (11, 47), (2, 45), (1, 48), (8, 43), (7, 44), (4, 47), (11, 47), (2, 45), (4, 52), (9, 48), (4, 52), (4, 52), (0, 48), (8, 52), (3, 52), (4, 47), (9, 53), (1, 48), (7, 44), (3, 53), (9, 48), (3, 52), (7, 44), (8, 52), (11, 47), (4, 47), (9, 53), (1, 48), (8, 43), (9, 48), (2, 45), (8, 52), (4, 47), (11, 47), (4, 52), (8, 43), (9, 53), (7, 44), (1, 48), (11, 47), (7, 44), (4, 52), (8, 52), (2, 45), (3, 52), (4, 47), (3, 52), (8, 43), (9, 53), (11, 47), (9, 48), (4, 52), (8, 52), (2, 45), (7, 44)]"
73,1,"[(1, 48), (3, 52), (9, 48), (7, 44), (8, 52), (7, 54), (11, 50), (7, 44), (4, 47), (9, 53), (9, 48), (8, 52), (1, 48), (11, 47), (2, 45), (1, 48), (8, 43), (7, 44), (4, 47), (11, 47), (2, 45), (4, 52), (9, 48), (4, 52), (4, 52), (0, 48), (8, 52), (3, 52), (4, 47), (9, 53), (1, 48), (7, 44), (3, 53), (9, 48), (3, 52), (7, 44), (8, 52), (11, 47), (4, 47), (9, 53), (1, 48), (8, 43), (9, 48), (2, 45), (8, 52), (4, 47), (11, 47), (4, 52), (8, 43), (9, 53), (7, 44), (1, 48), (11, 47), (7, 44), (4, 52), (8, 52), (2, 45), (3, 52), (4, 47), (3, 52), (8, 43), (9, 53), (11, 47), (9, 48), (4, 52), (8, 52), (2, 45), (7, 44)]"
74,1,"[(1, 48), (3, 52), (9, 48), (7, 44), (8, 52), (7, 54), (11, 50), (7, 44), (4, 47), (9, 53), (9, 48), (8, 52), (1, 48), (11, 47), (2, 45), (1, 48), (8, 43), (7, 44), (4, 47), (11, 47), (2, 45), (4, 52), (9, 48), (4, 52), (4, 52), (0, 48), (8, 52), (3, 52), (4, 47), (9, 53), (1, 48), (7, 44), (3, 53), (9, 48), (3, 52), (7, 44), (8, 52), (11, 47), (4, 47), (9, 53), (1, 48), (8, 43), (9, 48), (2, 45), (8, 52), (4, 47), (11, 47), (4, 52), (8, 43), (9, 53), (7, 44), (1, 48), (11, 47), (7, 44), (4, 52), (8, 52), (2, 45), (3, 52), (4, 47), (3, 52), (8, 43), (9, 53), (11, 47), (9, 48), (4, 52), (8, 52), (2, 45), (7, 44)]"
75,1,"[(11, 50), (7, 44), (4, 47), (9, 53), (9, 48), (8, 52), (1, 48), (11, 47), (2, 45), (1, 48), (8, 43), (7, 44), (4, 47), (11, 47), (2, 45), (4, 52), (9, 48), (4, 52), (4, 52), (0, 48), (8, 52), (3, 52), (4, 47), (9, 53), (1, 48), (7, 44), (3, 53), (9, 48), (3, 52), (7, 44), (8, 52), (11, 47), (4, 47), (9, 53), (1, 48), (8, 43), (9, 48), (2, 45), (8, 52), (4, 47), (11, 47), (4, 52), (8, 43), (9, 53), (7, 44), (1, 48), (11, 47), (7, 44), (4, 52), (8, 52), (2, 45), (3, 52), (4, 47), (3, 52), (8, 43), (9, 53), (11, 47), (9, 48), (4, 52), (8, 52), (2, 45), (7, 44), (4, 47), (1, 48), (0, 48)]"
76,1,"[(1, 48), (11, 47), (2, 45), (1, 48), (8, 43), (7, 44), (4, 47), (11, 47), (2, 45), (4, 52), (9, 48), (4, 52), (4, 52), (0, 48), (8, 52), (3, 52), (4, 47), (9, 53), (1, 48), (7, 44), (3, 53), (9, 48), (3, 52), (7, 44), (8, 52), (11, 47), (4, 47), (9, 53), (1, 48), (8, 43), (9, 48), (2, 45), (8, 52), (4, 47), (11, 47), (4, 52), (8, 43), (9, 53), (7, 44), (1, 48), (11, 47), (7, 44), (4, 52), (8, 52), (2, 45), (3, 52), (4, 47), (3, 52), (8, 43), (9, 53), (11, 47), (9, 48), (4, 52), (8, 52), (2, 45), (7, 44), (4, 47), (1, 48), (0, 48), (7, 54), (3, 52), (3, 53), (9, 53), (9, 48), (9, 53), (9, 53), (3, 53)]"
77,1,"[(4, 47), (11, 47), (2, 45), (4, 52), (9, 48), (4, 52), (4, 52), (0, 48), (8, 52), (3, 52), (4, 47), (9, 53), (1, 48), (7, 44), (3, 53), (9, 48), (3, 52), (7, 44), (8, 52), (11, 47), (4, 47), (9, 53), (1, 48), (8, 43), (9, 48), (2, 45), (8, 52), (4, 47), (11, 47), (4, 52), (8, 43), (9, 53), (7, 44), (1, 48), (11, 47), (7, 44), (4, 52), (8, 52), (2, 45), (3, 52), (4, 47), (3, 52), (8, 43), (9, 53), (11, 47), (9, 48), (4, 52), (8, 52), (2, 45), (7, 44), (4, 47), (1, 48), (0, 48), (7, 54), (3, 52), (3, 53), (9, 53), (9, 48), (9, 53), (9, 53), (3, 53), (0, 48), (8, 43), (2, 45), (4, 47), (3, 52), (4, 52), (7, 54), (9, 48), (7, 44), (2, 45)]"
78,1,"[(4, 47), (11, 47), (2, 45), (4, 52), (9, 48), (4, 52), (4, 52), (0, 48), (8, 52), (3, 52), (4, 47), (9, 53), (1, 48), (7, 44), (3, 53), (9, 48), (3, 52), (7, 44), (8, 52), (11, 47), (4, 47), (9, 53), (1, 48), (8, 43), (9, 48), (2, 45), (8, 52), (4, 47), (11, 47), (4, 52), (8, 43), (9, 53), (7, 44), (1, 48), (11, 47), (7, 44), (4, 52), (8, 52), (2, 45), (3, 52), (4, 47), (3, 52), (8, 43), (9, 53), (11, 47), (9, 48), (4, 52), (8, 52), (2, 45), (7, 44), (4, 47), (1, 48), (0, 48), (7, 54), (3, 52), (3, 53), (9, 53), (9, 48), (9, 53), (9, 53), (3, 53), (0, 48), (8, 43), (2, 45), (4, 47), (3, 52), (4, 52), (7, 54), (9, 48), (7, 44), (2, 45)]"
79,1,"[(4, 47), (11, 47), (2, 45), (4, 52), (9, 48), (4, 52), (4, 52), (0, 48), (8, 52), (3, 52), (4, 47), (9, 53), (1, 48), (7, 44), (3, 53), (9, 48), (3, 52), (7, 44), (8, 52), (11, 47), (4, 47), (9, 53), (1, 48), (8, 43), (9, 48), (2, 45), (8, 52), (4, 47), (11, 47), (4, 52), (8, 43), (9, 53), (7, 44), (1, 48), (11, 47), (7, 44), (4, 52), (8, 52), (2, 45), (3, 52), (4, 47), (3, 52), (8, 43), (9, 53), (11, 47), (9, 48), (4, 52), (8, 52), (2, 45), (7, 44), (4, 47), (1, 48), (0, 48), (7, 54), (3, 52), (3, 53), (9, 53), (9, 48), (9, 53), (9, 53), (3, 53), (0, 48), (8, 43), (2, 45), (4, 47), (3, 52), (4, 52), (7, 54), (9, 48), (7, 44), (2, 45)]"
80,1,"[(4, 47), (11, 47), (2, 45), (4, 52), (9, 48), (4, 52), (4, 52), (0, 48), (8, 52), (3, 52), (4, 47), (9, 53), (1, 48), (7, 44), (3, 53), (9, 48), (3, 52), (7, 44), (8, 52), (11, 47), (4, 47), (9, 53), (1, 48), (8, 43), (9, 48), (2, 45), (8, 52), (4, 47), (11, 47), (4, 52), (8, 43), (9, 53), (7, 44), (1, 48), (11, 47), (7, 44), (4, 52), (8, 52), (2, 45), (3, 52), (4, 47), (3, 52), (8, 43), (9, 53), (11, 47), (9, 48), (4, 52), (8, 52), (2, 45), (7, 44), (4, 47), (1, 48), (0, 48), (7, 54), (3, 52), (3, 53), (9, 53), (9, 48), (9, 53), (9, 53), (3, 53), (0, 48), (8, 43), (2, 45), (4, 47), (3, 52), (4, 52), (7, 54), (9, 48), (7, 44), (2, 45)]"
81,1,"[(0, 48), (8, 52), (3, 52), (4, 47), (9, 53), (1, 48), (7, 44), (3, 53), (9, 48), (3, 52), (7, 44), (8, 52), (11, 47), (4, 47), (9, 53), (1, 48), (8, 43), (9, 48), (2, 45), (8, 52), (4, 47), (11, 47), (4, 52), (8, 43), (9, 53), (7, 44), (1, 48), (11, 47), (7, 44), (4, 52), (8, 52), (2, 45), (3, 52), (4, 47), (3, 52), (8, 43), (9, 53), (11, 47), (9, 48), (4, 52), (8, 52), (2, 45), (7, 44), (4, 47), (1, 48), (0, 48), (7, 54), (3, 52), (3, 53), (9, 53), (9, 48), (9, 53), (9, 53), (3, 53), (0, 48), (8, 43), (2, 45), (4, 47), (3, 52), (4, 52), (7, 54), (9, 48), (7, 44), (2, 45), (3, 52), (4, 47), (11, 50)]"
82,1,"[(7, 44), (3, 53), (9, 48), (3, 52), (7, 44), (8, 52), (11, 47), (4, 47), (9, 53), (1, 48), (8, 43), (9, 48), (2, 45), (8, 52), (4, 47), (11, 47), (4, 52), (8, 43), (9, 53), (7, 44), (1, 48), (11, 47), (7, 44), (4, 52), (8, 52), (2, 45), (3, 52), (4, 47), (3, 52), (8, 43), (9, 53), (11, 47), (9, 48), (4, 52), (8, 52), (2, 45), (7, 44), (4, 47), (1, 48), (0, 48), (7, 54), (3, 52), (3, 53), (9, 53), (9, 48), (9, 53), (9, 53), (3, 53), (0, 48), (8, 43), (2, 45), (4, 47), (3, 52), (4, 52), (7, 54), (9, 48), (7, 44), (2, 45), (3, 52), (4, 47), (11, 50), (9, 48), (3, 52)]"
83,1,"[(11, 47), (4, 47), (9, 53), (1, 48), (8, 43), (9, 48), (2, 45), (8, 52), (4, 47), (11, 47), (4, 52), (8, 43), (9, 53), (7, 44), (1, 48), (11, 47), (7, 44), (4, 52), (8, 52), (2, 45), (3, 52), (4, 47), (3, 52), (8, 43), (9, 53), (11, 47), (9, 48), (4, 52), (8, 52), (2, 45), (7, 44), (4, 47), (1, 48), (0, 48), (7, 54), (3, 52), (3, 53), (9, 53), (9, 48), (9, 53), (9, 53), (3, 53), (0, 48), (8, 43), (2, 45), (4, 47), (3, 52), (4, 52), (7, 54), (9, 48), (7, 44), (2, 45), (3, 52), (4, 47), (11, 50), (9, 48), (3, 52), (7, 44), (2, 45), (8, 43), (4, 47)]"
84,1,"[(11, 47), (4, 47), (9, 53), (1, 48), (8, 43), (9, 48), (2, 45), (8, 52), (4, 47), (11, 47), (4, 52), (8, 43), (9, 53), (7, 44), (1, 48), (11, 47), (7, 44), (4, 52), (8, 52), (2, 45), (3, 52), (4, 47), (3, 52), (8, 43), (9, 53), (11, 47), (9, 48), (4, 52), (8, 52), (2, 45), (7, 44), (4, 47), (1, 48), (0, 48), (7, 54), (3, 52), (3, 53), (9, 53), (9, 48), (9, 53), (9, 53), (3, 53), (0, 48), (8, 43), (2, 45), (4, 47), (3, 52), (4, 52), (7, 54), (9, 48), (7, 44), (2, 45), (3, 52), (4, 47), (11, 50), (9, 48), (3, 52), (7, 44), (2, 45), (8, 43), (4, 47)]"
85,1,"[(2, 45), (8, 52), (4, 47), (11, 47), (4, 52), (8, 43), (9, 53), (7, 44), (1, 48), (11, 47), (7, 44), (4, 52), (8, 52), (2, 45), (3, 52), (4, 47), (3, 52), (8, 43), (9, 53), (11, 47), (9, 48), (4, 52), (8, 52), (2, 45), (7, 44), (4, 47), (1, 48), (0, 48), (7, 54), (3, 52), (3, 53), (9, 53), (9, 48), (9, 53), (9, 53), (3, 53), (0, 48), (8, 43), (2, 45), (4, 47), (3, 52), (4, 52), (7, 54), (9, 48), (7, 44), (2, 45), (3, 52), (4, 47), (11, 50), (9, 48), (3, 52), (7, 44), (2, 45), (8, 43), (4, 47), (9, 48), (3, 52), (4, 52), (4, 52), (11, 47), (4, 52), (7, 44), (11, 50), (1, 48), (3, 53), (11, 50), (1, 48), (2, 45), (4, 47)]"
86,1,"[(2, 45), (8, 52), (4, 47), (11, 47), (4, 52), (8, 43), (9, 53), (7, 44), (1, 48), (11, 47), (7, 44), (4, 52), (8, 52), (2, 45), (3, 52), (4, 47), (3, 52), (8, 43), (9, 53), (11, 47), (9, 48), (4, 52), (8, 52), (2, 45), (7, 44), (4, 47), (1, 48), (0, 48), (7, 54), (3, 52), (3, 53), (9, 53), (9, 48), (9, 53), (9, 53), (3, 53), (0, 48), (8, 43), (2, 45), (4, 47), (3, 52), (4, 52), (7, 54), (9, 48), (7, 44), (2, 45), (3, 52), (4, 47), (11, 50), (9, 48), (3, 52), (7, 44), (2, 45), (8, 43), (4, 47), (9, 48), (3, 52), (4, 52), (4, 52), (11, 47), (4, 52), (7, 44), (11, 50), (1, 48), (3, 53), (11, 50), (1, 48), (2, 45), (4, 47)]"
87,1,"[(2, 45), (8, 52), (4, 47), (11, 47), (4, 52), (8, 43), (9, 53), (7, 44), (1, 48), (11, 47), (7, 44), (4, 52), (8, 52), (2, 45), (3, 52), (4, 47), (3, 52), (8, 43), (9, 53), (11, 47), (9, 48), (4, 52), (8, 52), (2, 45), (7, 44), (4, 47), (1, 48), (0, 48), (7, 54), (3, 52), (3, 53), (9, 53), (9, 48), (9, 53), (9, 53), (3, 53), (0, 48), (8, 43), (2, 45), (4, 47), (3, 52), (4, 52), (7, 54), (9, 48), (7, 44), (2, 45), (3, 52), (4, 47), (11, 50), (9, 48), (3, 52), (7, 44), (2, 45), (8, 43), (4, 47), (9, 48), (3, 52), (4, 52), (4, 52), (11, 47), (4, 52), (7, 44), (11, 50), (1, 48), (3, 53), (11, 50), (1, 48), (2, 45), (4, 47)]"
88,1,"[(9, 53), (7, 44), (1, 48), (11, 47), (7, 44), (4, 52), (8, 52), (2, 45), (3, 52), (4, 47), (3, 52), (8, 43), (9, 53), (11, 47), (9, 48), (4, 52), (8, 52), (2, 45), (7, 44), (4, 47), (1, 48), (0, 48), (7, 54), (3, 52), (3, 53), (9, 53), (9, 48), (9, 53), (9, 53), (3, 53), (0, 48), (8, 43), (2, 45), (4, 47), (3, 52), (4, 52), (7, 54), (9, 48), (7, 44), (2, 45), (3, 52), (4, 47), (11, 50), (9, 48), (3, 52), (7, 44), (2, 45), (8, 43), (4, 47), (9, 48), (3, 52), (4, 52), (4, 52), (11, 47), (4, 52), (7, 44), (11, 50), (1, 48), (3, 53), (11, 50), (1, 48), (2, 45), (4, 47), (7, 54), (9, 48), (9, 53), (1, 48), (11, 47), (9, 43), (3, 52)]"
89,1,"[(9, 53), (7, 44), (1, 48), (11, 47), (7, 44), (4, 52), (8, 52), (2, 45), (3, 52), (4, 47), (3, 52), (8, 43), (9, 53), (11, 47), (9, 48), (4, 52), (8, 52), (2, 45), (7, 44), (4, 47), (1, 48), (0, 48), (7, 54), (3, 52), (3, 53), (9, 53), (9, 48), (9, 53), (9, 53), (3, 53), (0, 48), (8, 43), (2, 45), (4, 47), (3, 52), (4, 52), (7, 54), (9, 48), (7, 44), (2, 45), (3, 52), (4, 47), (11, 50), (9, 48), (3, 52), (7, 44), (2, 45), (8, 43), (4, 47), (9, 48), (3, 52), (4, 52), (4, 52), (11, 47), (4, 52), (7, 44), (11, 50), (1, 48), (3, 53), (11, 50), (1, 48), (2, 45), (4, 47), (7, 54), (9, 48), (9, 53), (1, 48), (11, 47), (9, 43), (3, 52)]"
90,1,"[(2, 45), (3, 52), (4, 47), (3, 52), (8, 43), (9, 53), (11, 47), (9, 48), (4, 52), (8, 52), (2, 45), (7, 44), (4, 47), (1, 48), (0, 48), (7, 54), (3, 52), (3, 53), (9, 53), (9, 48), (9, 53), (9, 53), (3, 53), (0, 48), (8, 43), (2, 45), (4, 47), (3, 52), (4, 52), (7, 54), (9, 48), (7, 44), (2, 45), (3, 52), (4, 47), (11, 50), (9, 48), (3, 52), (7, 44), (2, 45), (8, 43), (4, 47), (9, 48), (3, 52), (4, 52), (4, 52), (11, 47), (4, 52), (7, 44), (11, 50), (1, 48), (3, 53), (11, 50), (1, 48), (2, 45), (4, 47), (7, 54), (9, 48), (9, 53), (1, 48), (11, 47), (9, 43), (3, 52), (4, 47), (9, 53), (11, 50), (1, 48), (2, 45), (8, 43)]"
91,1,"[(2, 45), (3, 52), (4, 47), (3, 52), (8, 43), (9, 53), (11, 47), (9, 48), (4, 52), (8, 52), (2, 45), (7, 44), (4, 47), (1, 48), (0, 48), (7, 54), (3, 52), (3, 53), (9, 53), (9, 48), (9, 53), (9, 53), (3, 53), (0, 48), (8, 43), (2, 45), (4, 47), (3, 52), (4, 52), (7, 54), (9, 48), (7, 44), (2, 45), (3, 52), (4, 47), (11, 50), (9, 48), (3, 52), (7, 44), (2, 45), (8, 43), (4, 47), (9, 48), (3, 52), (4, 52), (4, 52), (11, 47), (4, 52), (7, 44), (11, 50), (1, 48), (3, 53), (11, 50), (1, 48), (2, 45), (4, 47), (7, 54), (9, 48), (9, 53), (1, 48), (11, 47), (9, 43), (3, 52), (4, 47), (9, 53), (11, 50), (1, 48), (2, 45), (8, 43)]"
92,1,"[(2, 45), (3, 52), (4, 47), (3, 52), (8, 43), (9, 53), (11, 47), (9, 48), (4, 52), (8, 52), (2, 45), (7, 44), (4, 47), (1, 48), (0, 48), (7, 54), (3, 52), (3, 53), (9, 53), (9, 48), (9, 53), (9, 53), (3, 53), (0, 48), (8, 43), (2, 45), (4, 47), (3, 52), (4, 52), (7, 54), (9, 48), (7, 44), (2, 45), (3, 52), (4, 47), (11, 50), (9, 48), (3, 52), (7, 44), (2, 45), (8, 43), (4, 47), (9, 48), (3, 52), (4, 52), (4, 52), (11, 47), (4, 52), (7, 44), (11, 50), (1, 48), (3, 53), (11, 50), (1, 48), (2, 45), (4, 47), (7, 54), (9, 48), (9, 53), (1, 48), (11, 47), (9, 43), (3, 52), (4, 47), (9, 53), (11, 50), (1, 48), (2, 45), (8, 43)]"
93,1,"[(11, 47), (9, 48), (4, 52), (8, 52), (2, 45), (7, 44), (4, 47), (1, 48), (0, 48), (7, 54), (3, 52), (3, 53), (9, 53), (9, 48), (9, 53), (9, 53), (3, 53), (0, 48), (8, 43), (2, 45), (4, 47), (3, 52), (4, 52), (7, 54), (9, 48), (7, 44), (2, 45), (3, 52), (4, 47), (11, 50), (9, 48), (3, 52), (7, 44), (2, 45), (8, 43), (4, 47), (9, 48), (3, 52), (4, 52), (4, 52), (11, 47), (4, 52), (7, 44), (11, 50), (1, 48), (3, 53), (11, 50), (1, 48), (2, 45), (4, 47), (7, 54), (9, 48), (9, 53), (1, 48), (11, 47), (9, 43), (3, 52), (4, 47), (9, 53), (11, 50), (1, 48), (2, 45), (8, 43), (4, 47), (3, 52)]"
94,1,"[(4, 47), (1, 48), (0, 48), (7, 54), (3, 52), (3, 53), (9, 53), (9, 48), (9, 53), (9, 53), (3, 53), (0, 48), (8, 43), (2, 45), (4, 47), (3, 52), (4, 52), (7, 54), (9, 48), (7, 44), (2, 45), (3, 52), (4, 47), (11, 50), (9, 48), (3, 52), (7, 44), (2, 45), (8, 43), (4, 47), (9, 48), (3, 52), (4, 52), (4, 52), (11, 47), (4, 52), (7, 44), (11, 50), (1, 48), (3, 53), (11, 50), (1, 48), (2, 45), (4, 47), (7, 54), (9, 48), (9, 53), (1, 48), (11, 47), (9, 43), (3, 52), (4, 47), (9, 53), (11, 50), (1, 48), (2, 45), (8, 43), (4, 47), (3, 52), (9, 48), (9, 53), (8, 52)]"
95,1,"[(9, 53), (9, 48), (9, 53), (9, 53), (3, 53), (0, 48), (8, 43), (2, 45), (4, 47), (3, 52), (4, 52), (7, 54), (9, 48), (7, 44), (2, 45), (3, 52), (4, 47), (11, 50), (9, 48), (3, 52), (7, 44), (2, 45), (8, 43), (4, 47), (9, 48), (3, 52), (4, 52), (4, 52), (11, 47), (4, 52), (7, 44), (11, 50), (1, 48), (3, 53), (11, 50), (1, 48), (2, 45), (4, 47), (7, 54), (9, 48), (9, 53), (1, 48), (11, 47), (9, 43), (3, 52), (4, 47), (9, 53), (11, 50), (1, 48), (2, 45), (8, 43), (4, 47), (3, 52), (9, 48), (9, 53), (8, 52), (7, 44), (4, 47)]"
96,1,"[(9, 53), (9, 48), (9, 53), (9, 53), (3, 53), (0, 48), (8, 43), (2, 45), (4, 47), (3, 52), (4, 52), (7, 54), (9, 48), (7, 44), (2, 45), (3, 52), (4, 47), (11, 50), (9, 48), (3, 52), (7, 44), (2, 45), (8, 43), (4, 47), (9, 48), (3, 52), (4, 52), (4, 52), (11, 47), (4, 52), (7, 44), (11, 50), (1, 48), (3, 53), (11, 50), (1, 48), (2, 45), (4, 47), (7, 54), (9, 48), (9, 53), (1, 48), (11, 47), (9, 43), (3, 52), (4, 47), (9, 53), (11, 50), (1, 48), (2, 45), (8, 43), (4, 47), (3, 52), (9, 48), (9, 53), (8, 52), (7, 44), (4, 47)]"
97,1,"[(0, 48), (8, 43), (2, 45), (4, 47), (3, 52), (4, 52), (7, 54), (9, 48), (7, 44), (2, 45), (3, 52), (4, 47), (11, 50), (9, 48), (3, 52), (7, 44), (2, 45), (8, 43), (4, 47), (9, 48), (3, 52), (4, 52), (4, 52), (11, 47), (4, 52), (7, 44), (11, 50), (1, 48), (3, 53), (11, 50), (1, 48), (2, 45), (4, 47), (7, 54), (9, 48), (9, 53), (1, 48), (11, 47), (9, 43), (3, 52), (4, 47), (9, 53), (11, 50), (1, 48), (2, 45), (8, 43), (4, 47), (3, 52), (9, 48), (9, 53), (8, 52), (7, 44), (4, 47), (4, 52), (1, 48), (11, 47), (11, 50), (9, 48)]"
98,1,"[(4, 52), (7, 54), (9, 48), (7, 44), (2, 45), (3, 52), (4, 47), (11, 50), (9, 48), (3, 52), (7, 44), (2, 45), (8, 43), (4, 47), (9, 48), (3, 52), (4, 52), (4, 52), (11, 47), (4, 52), (7, 44), (11, 50), (1, 48), (3, 53), (11, 50), (1, 48), (2, 45), (4, 47), (7, 54), (9, 48), (9, 53), (1, 48), (11, 47), (9, 43), (3, 52), (4, 47), (9, 53), (11, 50), (1, 48), (2, 45), (8, 43), (4, 47), (3, 52), (9, 48), (9, 53), (8, 52), (7, 44), (4, 47), (4, 52), (1, 48), (11, 47), (11, 50), (9, 48), (8, 43), (2, 45)]"
99,1,"[(3, 52), (4, 47), (11, 50), (9, 48), (3, 52), (7, 44), (2, 45), (8, 43), (4, 47), (9, 48), (3, 52), (4, 52), (4, 52), (11, 47), (4, 52), (7, 44), (11, 50), (1, 48), (3, 53), (11, 50), (1, 48), (2, 45), (4, 47), (7, 54), (9, 48), (9, 53), (1, 48), (11, 47), (9, 43), (3, 52), (4, 47), (9, 53), (11, 50), (1, 48), (2, 45), (8, 43), (4, 47), (3, 52), (9, 48), (9, 53), (8, 52), (7, 44), (4, 47), (4, 52), (1, 48), (11, 47), (11, 50), (9, 48), (8, 43), (2, 45), (7, 44), (8, 52), (4, 47)]"
